{"cameraMode":{"drawMode":0,"name":"Shaded","section":"Shading Mode"},"sceneLighting":false,"audioPlay":false,"sceneViewState":{"m_AlwaysRefresh":false,"showFog":true,"showSkybox":false,"showFlares":true,"showImageEffects":true,"showParticleSystems":true,"showVisualEffectGraphs":true,"m_FxEnabled":true},"in2DMode":false,"pivot":{"x":0.030009031295776368,"y":0.6000001430511475,"z":-0.04886484146118164},"rotation":{"x":-0.2431882917881012,"y":-0.5274915099143982,"z":0.16075393557548524,"w":-0.7979888916015625},"size":4.118988513946533,"orthographic":true}